category,batch,key,tests,pairedCompleted,baselineStatus,baselineReason,fspecStatus,fspecReason,baselineTotalRuntimeMs,fspecTotalRuntimeMs,baselineProjectedCG,fspecProjectedCG
cmdi,6,cmdi-b0006-4901ffc5cf,BenchmarkTest00171;BenchmarkTest00172,False,missing,process-timeout,missing,process-timeout,0,0,0,0
cmdi,7,cmdi-b0007-89735e0bb2,BenchmarkTest00173;BenchmarkTest00174,False,missing,process-timeout,excluded,flowdroid-oom+termination-2,0,5472716,0,34035
cmdi,8,cmdi-b0008-7784275c8f,BenchmarkTest00175;BenchmarkTest00176,False,missing,process-timeout,missing,process-timeout,0,0,0,0
cmdi,18,cmdi-b0018-142ad7c35e,BenchmarkTest00409;BenchmarkTest00410,False,missing,process-timeout,missing,process-timeout,0,0,0,0
cmdi,19,cmdi-b0019-01b65480c3,BenchmarkTest00411;BenchmarkTest00412,False,excluded,flowdroid-oom+termination-2,missing,process-timeout,4637792,0,38044,0
cmdi,30,cmdi-b0030-b8008ee1aa,BenchmarkTest00576;BenchmarkTest00657,False,excluded,flowdroid-oom+termination-2,excluded,flowdroid-oom+termination-2,6291553,7108948,37850,34022
cmdi,32,cmdi-b0032-0dfc7e2f85,BenchmarkTest00731;BenchmarkTest00732,False,excluded,flowdroid-oom+termination-2,missing,process-timeout,7138767,0,37743,0
cmdi,34,cmdi-b0034-2d878c526c,BenchmarkTest00740;BenchmarkTest00741,False,missing,process-timeout,missing,process-timeout,0,0,0,0
cmdi,35,cmdi-b0035-bc595be925,BenchmarkTest00742;BenchmarkTest00743,False,excluded,flowdroid-oom+termination-2,excluded,flowdroid-oom+termination-2,4195717,8558607,37830,34013
cmdi,37,cmdi-b0037-0736b28dea,BenchmarkTest00816;BenchmarkTest00823,False,excluded,flowdroid-oom+termination-2,missing,process-timeout,754766,0,37849,0
cmdi,38,cmdi-b0038-3dd96aa306,BenchmarkTest00824;BenchmarkTest00825,False,missing,process-timeout,excluded,flowdroid-oom+termination-2,0,10819007,0,34047
cmdi,45,cmdi-b0045-261f92b99e,BenchmarkTest00969;BenchmarkTest00970,False,excluded,flowdroid-oom+termination-2,excluded,flowdroid-oom+termination-2,484344,603914,38010,34124
cmdi,46,cmdi-b0046-e4d8726139,BenchmarkTest00978;BenchmarkTest00979,False,excluded,flowdroid-oom+termination-2,excluded,flowdroid-oom+termination-2,514872,652233,38084,34241
cmdi,48,cmdi-b0048-e949660ec8,BenchmarkTest00982;BenchmarkTest00983,False,excluded,flowdroid-oom+termination-2,excluded,flowdroid-oom+termination-2,4584625,891405,37854,34024
cmdi,49,cmdi-b0049-158ff26ccc,BenchmarkTest01064;BenchmarkTest01065,False,missing,process-timeout,excluded,flowdroid-oom+termination-2,0,10340449,0,34004
cmdi,50,cmdi-b0050-e3efed3a01,BenchmarkTest01066;BenchmarkTest01067,False,excluded,flowdroid-oom+termination-2,completed,,537602,173012,38045,34213
cmdi,57,cmdi-b0057-3352a26b11,BenchmarkTest01287;BenchmarkTest01288,False,missing,process-timeout,excluded,flowdroid-oom+termination-2,0,5629504,0,34185
cmdi,66,cmdi-b0066-a434c38562,BenchmarkTest01446;BenchmarkTest01516,False,excluded,flowdroid-oom+termination-2,excluded,flowdroid-oom+termination-2,578417,803900,38065,34236
cmdi,71,cmdi-b0071-c680e6959e,BenchmarkTest01533;BenchmarkTest01600,False,excluded,flowdroid-oom+termination-2,excluded,flowdroid-oom+termination-2,477548,761873,38022,34204
cmdi,73,cmdi-b0073-54d977b04c,BenchmarkTest01607;BenchmarkTest01608,False,missing,process-timeout,excluded,flowdroid-oom+termination-2,0,4846652,0,34014
cmdi,74,cmdi-b0074-f9f66fd253,BenchmarkTest01609;BenchmarkTest01610,False,excluded,flowdroid-oom+termination-2,excluded,flowdroid-oom+termination-2,549773,959710,38025,34196
cmdi,80,cmdi-b0080-ee4f27bb0c,BenchmarkTest01692;BenchmarkTest01693,False,excluded,flowdroid-oom+termination-2,excluded,flowdroid-oom+termination-2,560032,934615,38096,34254
cmdi,88,cmdi-b0088-cc1700e331,BenchmarkTest01928;BenchmarkTest01929,False,excluded,flowdroid-oom+termination-2,excluded,flowdroid-oom+termination-2,5829772,6061193,37781,33883
cmdi,91,cmdi-b0091-f4cc2494e6,BenchmarkTest01940;BenchmarkTest01941,False,excluded,flowdroid-oom+termination-2,excluded,flowdroid-oom+termination-2,484117,5777217,38091,34259
cmdi,92,cmdi-b0092-fc10e0c43b,BenchmarkTest01942;BenchmarkTest01943,False,missing,process-timeout,excluded,flowdroid-oom+termination-2,0,7095354,0,34025
cmdi,98,cmdi-b0098-dd02ab5de0,BenchmarkTest02148;BenchmarkTest02149,False,excluded,flowdroid-oom+termination-2,excluded,flowdroid-oom+termination-2,487306,912030,38043,34213
cmdi,100,cmdi-b0100-6191f6ff03,BenchmarkTest02152;BenchmarkTest02153,False,excluded,flowdroid-oom+termination-2,excluded,flowdroid-oom+termination-2,464812,763976,38052,34234
cmdi,111,cmdi-b0111-6de0974339,BenchmarkTest02411;BenchmarkTest02412,False,excluded,flowdroid-oom+termination-2,excluded,flowdroid-oom+termination-2,554054,684926,37935,34062
cmdi,113,cmdi-b0113-58e05d4758,BenchmarkTest02428;BenchmarkTest02429,False,excluded,flowdroid-oom+termination-2,excluded,flowdroid-oom+termination-2,3968507,7064145,37844,34001
cmdi,114,cmdi-b0114-60b4534625,BenchmarkTest02430;BenchmarkTest02431,False,missing,process-timeout,excluded,flowdroid-oom+termination-2,0,6820330,0,34194
cmdi,115,cmdi-b0115-fcc51f09f6,BenchmarkTest02432;BenchmarkTest02433,False,missing,process-timeout,excluded,flowdroid-oom+termination-2,0,7004103,0,34019
cmdi,116,cmdi-b0116-ffe5331b78,BenchmarkTest02496;BenchmarkTest02510,False,excluded,flowdroid-oom+termination-2,excluded,flowdroid-oom+termination-2,474908,870115,38034,34215
cmdi,119,cmdi-b0119-2788b9a4e6,BenchmarkTest02515;BenchmarkTest02516,False,missing,process-timeout,excluded,flowdroid-oom+termination-2,0,5542955,0,34018
ldapi,2,ldapi-b0002-0dcefb4331,BenchmarkTest00139;BenchmarkTest00367,False,excluded,flowdroid-oom+termination-2,excluded,flowdroid-oom+termination-2,521602,688432,38484,34920
ldapi,4,ldapi-b0004-6a81732a6f,BenchmarkTest00694;BenchmarkTest00695,False,excluded,flowdroid-oom+termination-2,excluded,flowdroid-oom+termination-2,11593379,4937519,38190,34640
ldapi,5,ldapi-b0005-a8a83f0af3,BenchmarkTest00701;BenchmarkTest00860,False,excluded,flowdroid-oom+termination-2,excluded,flowdroid-oom+termination-2,3536702,6029213,38438,34887
ldapi,7,ldapi-b0007-c52551cac0,BenchmarkTest00948;BenchmarkTest00959,False,excluded,flowdroid-oom+termination-2,excluded,flowdroid-oom+termination-2,5103537,13655114,38232,34669
ldapi,9,ldapi-b0009-bf9d7f542e,BenchmarkTest01154;BenchmarkTest01241,False,excluded,flowdroid-oom+termination-2,completed,,878809,231564,38431,34867
ldapi,12,ldapi-b0012-3d2cbf82aa,BenchmarkTest01402;BenchmarkTest01490,False,excluded,flowdroid-oom+termination-2,excluded,flowdroid-oom+termination-2,499751,6816985,38201,34651
ldapi,13,ldapi-b0013-6018d92712,BenchmarkTest01491;BenchmarkTest01492,False,excluded,flowdroid-oom+termination-2,excluded,flowdroid-oom+termination-2,763639,946888,38441,34890
ldapi,14,ldapi-b0014-b908b13ad0,BenchmarkTest01501;BenchmarkTest01568,False,completed,,excluded,flowdroid-oom+termination-2,362350,820511,38404,34853
ldapi,15,ldapi-b0015-3bfc05025e,BenchmarkTest01569;BenchmarkTest01743,False,excluded,flowdroid-oom+termination-2,excluded,flowdroid-oom+termination-2,611359,786183,38444,34893
ldapi,20,ldapi-b0020-24163dee7f,BenchmarkTest01909;BenchmarkTest02025,False,missing,process-timeout,excluded,flowdroid-oom+termination-2,0,8003493,0,34666
ldapi,23,ldapi-b0023-e648555318,BenchmarkTest02115;BenchmarkTest02116,False,excluded,flowdroid-oom+termination-2,excluded,flowdroid-oom+termination-2,6497085,6430779,38195,34645
ldapi,27,ldapi-b0027-a5d55f18d4,BenchmarkTest02384;BenchmarkTest02472,False,completed,,excluded,flowdroid-oom+termination-2,132334,783287,38399,34848
ldapi,28,ldapi-b0028-2b56c39113,BenchmarkTest02553;BenchmarkTest02571,False,excluded,flowdroid-oom+termination-2,excluded,flowdroid-oom+termination-2,6560983,4050967,38230,34667
pathtraver,3,pathtraver-b0003-12f13fe32b,BenchmarkTest00060;BenchmarkTest00061,False,excluded,flowdroid-oom+termination-2,excluded,flowdroid-oom+termination-2,716635,943111,37660,34243
pathtraver,4,pathtraver-b0004-cbf3114b95,BenchmarkTest00062;BenchmarkTest00063,False,excluded,flowdroid-oom+termination-2,missing,process-timeout,4165358,0,37530,0
pathtraver,5,pathtraver-b0005-02ae0fc23d,BenchmarkTest00064;BenchmarkTest00065,False,excluded,flowdroid-oom+termination-2,excluded,flowdroid-oom+termination-2,751308,1018854,37721,34302
pathtraver,7,pathtraver-b0007-304d7a33ca,BenchmarkTest00133;BenchmarkTest00134,False,excluded,flowdroid-oom+termination-2,completed,,652058,96035,37500,34084
pathtraver,9,pathtraver-b0009-0ec1d7b179,BenchmarkTest00137;BenchmarkTest00215,False,excluded,flowdroid-oom+termination-2,excluded,flowdroid-oom+termination-2,587116,640707,37518,34100
pathtraver,16,pathtraver-b0016-8b32d6039d,BenchmarkTest00359;BenchmarkTest00360,False,excluded,flowdroid-oom+termination-2,completed,,794725,210162,37659,34253
pathtraver,18,pathtraver-b0018-d3ef27ab04,BenchmarkTest00363;BenchmarkTest00364,False,excluded,flowdroid-oom+termination-2,completed,,497230,80403,37462,34059
pathtraver,19,pathtraver-b0019-2ab0142498,BenchmarkTest00365;BenchmarkTest00366,False,excluded,flowdroid-oom+termination-2,excluded,flowdroid-oom+termination-2,576870,641670,37512,34105
pathtraver,28,pathtraver-b0028-70a726a09f,BenchmarkTest00621;BenchmarkTest00622,False,excluded,flowdroid-oom+termination-2,excluded,flowdroid-oom+termination-2,8444769,4683999,37671,34267
pathtraver,29,pathtraver-b0029-d0a082c531,BenchmarkTest00623;BenchmarkTest00624,False,excluded,flowdroid-oom+termination-2,excluded,flowdroid-oom+termination-2,441127,629865,37659,34255
pathtraver,30,pathtraver-b0030-9838cb9789,BenchmarkTest00625;BenchmarkTest00626,False,excluded,flowdroid-oom+termination-2,completed,,669380,95187,37454,34051
pathtraver,31,pathtraver-b0031-4efccca10c,BenchmarkTest00627;BenchmarkTest00628,False,excluded,flowdroid-oom+termination-2,excluded,flowdroid-oom+termination-2,1711995,5759465,37697,34293
pathtraver,33,pathtraver-b0033-1c4f46eee9,BenchmarkTest00697;BenchmarkTest00698,False,excluded,flowdroid-oom+termination-2,excluded,flowdroid-oom+termination-2,486223,877226,37299,33885
pathtraver,34,pathtraver-b0034-db30ff18bd,BenchmarkTest00699;BenchmarkTest00700,False,excluded,flowdroid-oom+termination-2,completed,,551600,293786,37635,34231
pathtraver,35,pathtraver-b0035-9d6613597c,BenchmarkTest00783;BenchmarkTest00784,False,excluded,flowdroid-oom+termination-2,missing,process-timeout,5915979,0,37513,0
pathtraver,36,pathtraver-b0036-11db52293a,BenchmarkTest00785;BenchmarkTest00786,False,missing,process-timeout,missing,process-timeout,0,0,0,0
pathtraver,37,pathtraver-b0037-37b4157b55,BenchmarkTest00787;BenchmarkTest00788,False,excluded,flowdroid-oom+termination-2,completed,,774278,210744,37701,34284
pathtraver,42,pathtraver-b0042-91e4dece59,BenchmarkTest00951;BenchmarkTest00952,False,excluded,flowdroid-oom+termination-2,completed,,598732,268328,37491,34075
pathtraver,43,pathtraver-b0043-28b51a565a,BenchmarkTest00953;BenchmarkTest00954,False,excluded,flowdroid-oom+termination-2,excluded,flowdroid-oom+termination-2,4831523,6174887,37509,34093
pathtraver,45,pathtraver-b0045-a3ff9180dd,BenchmarkTest00957;BenchmarkTest00958,False,excluded,flowdroid-oom+termination-2,excluded,flowdroid-oom+termination-2,661129,612209,37557,34137
pathtraver,46,pathtraver-b0046-dd2ef5b74c,BenchmarkTest01025;BenchmarkTest01026,False,excluded,flowdroid-oom+termination-2,excluded,flowdroid-oom+termination-2,624275,669198,37711,34294
pathtraver,48,pathtraver-b0048-6b8247d894,BenchmarkTest01029;BenchmarkTest01030,False,excluded,flowdroid-oom+termination-2,excluded,flowdroid-oom+termination-2,593152,895745,37514,34098
pathtraver,50,pathtraver-b0050-92e19cf858,BenchmarkTest01033;BenchmarkTest01034,False,excluded,flowdroid-oom+termination-2,excluded,flowdroid-oom+termination-2,655139,895620,37710,34293
pathtraver,51,pathtraver-b0051-a8f6846c09,BenchmarkTest01035;BenchmarkTest01036,False,excluded,flowdroid-oom+termination-2,excluded,flowdroid-oom+termination-2,527062,772521,37537,34119
pathtraver,60,pathtraver-b0060-37b6a4e1cf,BenchmarkTest01161;BenchmarkTest01231,False,excluded,flowdroid-oom+termination-2,excluded,flowdroid-oom+termination-2,6624250,5142049,37488,34072
pathtraver,62,pathtraver-b0062-61cb34ba77,BenchmarkTest01234;BenchmarkTest01235,False,excluded,flowdroid-oom+termination-2,excluded,flowdroid-oom+termination-2,490522,765002,37467,34064
pathtraver,71,pathtraver-b0071-fb93f92d1a,BenchmarkTest01493;BenchmarkTest01494,False,excluded,flowdroid-oom+termination-2,excluded,flowdroid-oom+termination-2,7410994,4517833,37442,34039
pathtraver,73,pathtraver-b0073-4b9480b757,BenchmarkTest01497;BenchmarkTest01498,False,excluded,flowdroid-oom+termination-2,completed,,698161,384085,37676,34272
pathtraver,74,pathtraver-b0074-3ee86389b1,BenchmarkTest01499;BenchmarkTest01500,False,excluded,flowdroid-oom+termination-2,excluded,flowdroid-oom+termination-2,537534,800353,37505,34100
pathtraver,77,pathtraver-b0077-270bb00f2e,BenchmarkTest01574;BenchmarkTest01642,False,excluded,flowdroid-oom+termination-2,excluded,flowdroid-oom+termination-2,4529890,6782145,37500,34084
pathtraver,79,pathtraver-b0079-74f16a1a91,BenchmarkTest01645;BenchmarkTest01646,False,excluded,flowdroid-oom+termination-2,excluded,flowdroid-oom+termination-2,4210646,4549336,37497,34081
pathtraver,85,pathtraver-b0085-d788a17818,BenchmarkTest01833;BenchmarkTest01834,False,excluded,flowdroid-oom+termination-2,excluded,flowdroid-oom+termination-2,11959540,654229,37461,34045
pathtraver,86,pathtraver-b0086-7e90bfaa24,BenchmarkTest01835;BenchmarkTest01836,False,excluded,flowdroid-oom+termination-2,excluded,flowdroid-oom+termination-2,541879,804959,37473,34057
pathtraver,87,pathtraver-b0087-2a6d20c39e,BenchmarkTest01837;BenchmarkTest01838,False,excluded,flowdroid-oom+termination-2,completed,,710791,239634,37509,34091
pathtraver,89,pathtraver-b0089-11c6575c81,BenchmarkTest01841;BenchmarkTest01904,False,excluded,flowdroid-oom+termination-2,excluded,flowdroid-oom+termination-2,6183461,2946682,37730,34313
pathtraver,90,pathtraver-b0090-023e364ffd,BenchmarkTest01905;BenchmarkTest01906,False,excluded,flowdroid-oom+termination-2,excluded,flowdroid-oom+termination-2,3941424,4891139,37496,34080
pathtraver,102,pathtraver-b0102-0f7e5330d1,BenchmarkTest02106;BenchmarkTest02107,False,excluded,flowdroid-oom+termination-2,completed,,683063,220070,37281,33867
pathtraver,103,pathtraver-b0103-cc55224f52,BenchmarkTest02108;BenchmarkTest02109,False,excluded,flowdroid-oom+termination-2,excluded,flowdroid-oom+termination-2,589565,6478897,37653,34249
pathtraver,115,pathtraver-b0115-743f673c50,BenchmarkTest02379;BenchmarkTest02380,False,excluded,flowdroid-oom+termination-2,excluded,flowdroid-oom+termination-2,582800,636982,37705,34301
pathtraver,116,pathtraver-b0116-f7e55e70af,BenchmarkTest02381;BenchmarkTest02382,False,excluded,flowdroid-oom+termination-2,excluded,flowdroid-oom+termination-2,3878988,5127782,37469,34066
pathtraver,117,pathtraver-b0117-89086f3101,BenchmarkTest02383;BenchmarkTest02462,False,excluded,flowdroid-oom+termination-2,excluded,flowdroid-oom+termination-2,676007,5901101,37445,34042
pathtraver,120,pathtraver-b0120-424b924fc5,BenchmarkTest02467;BenchmarkTest02468,False,excluded,flowdroid-oom+termination-2,excluded,flowdroid-oom+termination-2,480931,655176,37709,34305
pathtraver,121,pathtraver-b0121-42d7e8b939,BenchmarkTest02469;BenchmarkTest02470,False,excluded,flowdroid-oom+termination-2,excluded,flowdroid-oom+termination-2,745685,684940,37647,34243
pathtraver,127,pathtraver-b0127-6c239f16b0,BenchmarkTest02563;BenchmarkTest02564,False,excluded,flowdroid-oom+termination-2,excluded,flowdroid-oom+termination-2,559467,622812,37725,34308
sqli,7,sqli-b0007-c482fcc160,BenchmarkTest00100;BenchmarkTest00101,False,excluded,flowdroid-oom+termination-2,excluded,flowdroid-oom+termination-2,1308694,3255209,127715,111768
sqli,10,sqli-b0010-bd152a58dd,BenchmarkTest00106;BenchmarkTest00107,False,excluded,flowdroid-oom+termination-2,excluded,flowdroid-oom+termination-2,1416293,3806390,127932,111984
sqli,11,sqli-b0011-17680b97d2,BenchmarkTest00108;BenchmarkTest00109,False,completed,,excluded,flowdroid-oom+termination-2,968105,3764895,127894,111946
sqli,12,sqli-b0012-6157f74bce,BenchmarkTest00110;BenchmarkTest00111,False,excluded,flowdroid-oom+termination-2,excluded,flowdroid-oom+termination-2,1437634,3631459,127938,111990
sqli,13,sqli-b0013-83f55579b1,BenchmarkTest00112;BenchmarkTest00113,False,excluded,flowdroid-oom+termination-2,excluded,flowdroid-oom+termination-2,2852941,4827064,127730,111783
sqli,14,sqli-b0014-a4e5f44983,BenchmarkTest00114;BenchmarkTest00115,False,excluded,flowdroid-oom+termination-2,excluded,flowdroid-oom+termination-2,2921688,4699264,127709,111762
sqli,20,sqli-b0020-9a0fb2e13a,BenchmarkTest00200;BenchmarkTest00201,False,excluded,flowdroid-oom+termination-2,excluded,flowdroid-oom+termination-2,1273695,3109770,128442,112454
sqli,21,sqli-b0021-fb6e94935a,BenchmarkTest00202;BenchmarkTest00203,False,excluded,flowdroid-oom+termination-2,excluded,flowdroid-oom+termination-2,1253466,3641311,127930,111982
sqli,23,sqli-b0023-087e0e9864,BenchmarkTest00206;BenchmarkTest00328,False,excluded,flowdroid-oom+termination-2,excluded,flowdroid-oom+termination-2,1325497,3694128,127936,111988
sqli,35,sqli-b0035-8e1ede5d57,BenchmarkTest00434;BenchmarkTest00435,False,excluded,flowdroid-oom+termination-2,excluded,flowdroid-oom+termination-2,1185922,3504001,128208,112234
sqli,38,sqli-b0038-1688e008f6,BenchmarkTest00440;BenchmarkTest00441,False,excluded,flowdroid-oom+termination-2,excluded,flowdroid-oom+termination-2,1848073,4623585,127698,111764
sqli,54,sqli-b0054-0c4956a6bb,BenchmarkTest00673;BenchmarkTest00674,False,excluded,flowdroid-oom+termination-2,excluded,flowdroid-oom+termination-2,1364960,3387216,127899,111964
sqli,57,sqli-b0057-495a61fdc5,BenchmarkTest00679;BenchmarkTest00680,False,excluded,flowdroid-oom+termination-2,excluded,flowdroid-oom+termination-2,2773240,3756286,128477,112431
sqli,63,sqli-b0063-99f21e3480,BenchmarkTest00768;BenchmarkTest00769,False,excluded,flowdroid-oom+termination-2,excluded,flowdroid-oom+termination-2,2501324,4889138,128518,112472
sqli,64,sqli-b0064-6fd9804542,BenchmarkTest00770;BenchmarkTest00771,False,excluded,flowdroid-oom+termination-2,excluded,flowdroid-oom+termination-2,2795458,4971205,127693,111759
sqli,66,sqli-b0066-aecce63205,BenchmarkTest00774;BenchmarkTest00837,False,excluded,flowdroid-oom+termination-2,excluded,flowdroid-oom+termination-2,1248559,3421902,127718,111771
sqli,69,sqli-b0069-0ab10aec29,BenchmarkTest00842;BenchmarkTest00843,False,excluded,flowdroid-oom+termination-2,excluded,flowdroid-oom+termination-2,2631126,4728735,128365,112376
sqli,82,sqli-b0082-4141546594,BenchmarkTest00940;BenchmarkTest00996,False,excluded,flowdroid-oom+termination-2,excluded,flowdroid-oom+termination-2,1384087,4036065,127911,111963
sqli,87,sqli-b0087-174a2b66ec,BenchmarkTest01005;BenchmarkTest01006,False,excluded,flowdroid-oom+termination-2,excluded,flowdroid-oom+termination-2,1261505,3496149,128414,112425
sqli,94,sqli-b0094-b9d55024f3,BenchmarkTest01089;BenchmarkTest01090,False,excluded,flowdroid-oom+termination-2,excluded,flowdroid-oom+termination-2,1244821,3429815,128716,112666
sqli,96,sqli-b0096-72928481a5,BenchmarkTest01093;BenchmarkTest01094,False,excluded,flowdroid-oom+termination-2,excluded,flowdroid-oom+termination-2,2591431,4596688,127721,111774
sqli,106,sqli-b0106-d2c4329220,BenchmarkTest01222;BenchmarkTest01301,False,excluded,flowdroid-oom+termination-2,excluded,flowdroid-oom+termination-2,1246394,3772080,127948,112000
sqli,110,sqli-b0110-e2ceebb3eb,BenchmarkTest01308;BenchmarkTest01309,False,excluded,flowdroid-oom+termination-2,excluded,flowdroid-oom+termination-2,1678771,3385502,128938,112900
sqli,133,sqli-b0133-5ad2a0ecfe,BenchmarkTest01552;BenchmarkTest01553,False,excluded,flowdroid-oom+termination-2,excluded,flowdroid-oom+termination-2,2000601,4529986,128165,112191
sqli,135,sqli-b0135-b17a3119a2,BenchmarkTest01556;BenchmarkTest01557,False,excluded,flowdroid-oom+termination-2,excluded,flowdroid-oom+termination-2,2796083,5412957,128335,112359
sqli,136,sqli-b0136-a5f513bd2a,BenchmarkTest01558;BenchmarkTest01559,False,excluded,flowdroid-oom+termination-2,excluded,flowdroid-oom+termination-2,2613589,4577105,127691,111757
sqli,143,sqli-b0143-f09a66d4e0,BenchmarkTest01631;BenchmarkTest01712,False,excluded,flowdroid-oom+termination-2,excluded,flowdroid-oom+termination-2,1182867,3169053,127724,111777
sqli,148,sqli-b0148-a786fb526f,BenchmarkTest01721;BenchmarkTest01722,False,excluded,flowdroid-oom+termination-2,excluded,flowdroid-oom+termination-2,1654527,5627967,128261,112274
sqli,165,sqli-b0165-ca59890649,BenchmarkTest01880;BenchmarkTest01881,False,excluded,flowdroid-oom+termination-2,excluded,flowdroid-oom+termination-2,1333284,3512221,128224,112237
sqli,166,sqli-b0166-96d1adf0cc,BenchmarkTest01882;BenchmarkTest01883,False,excluded,flowdroid-oom+termination-2,excluded,flowdroid-oom+termination-2,2677769,4198983,128537,112649
sqli,168,sqli-b0168-5e2c582b03,BenchmarkTest01886;BenchmarkTest01887,False,excluded,flowdroid-oom+termination-2,excluded,flowdroid-oom+termination-2,1295051,4032289,127934,111986
sqli,171,sqli-b0171-c5ef6c4797,BenchmarkTest01961;BenchmarkTest01962,False,excluded,flowdroid-oom+termination-2,excluded,flowdroid-oom+termination-2,1482292,3729296,127936,111988
sqli,188,sqli-b0188-f8adb99f0f,BenchmarkTest02177;BenchmarkTest02178,False,excluded,flowdroid-oom+termination-2,excluded,flowdroid-oom+termination-2,2481909,4758955,128614,112520
sqli,189,sqli-b0189-4c4527b161,BenchmarkTest02179;BenchmarkTest02180,False,excluded,flowdroid-oom+termination-2,excluded,flowdroid-oom+termination-2,2662239,4090870,128347,112371
sqli,190,sqli-b0190-8655ad0e3e,BenchmarkTest02181;BenchmarkTest02182,False,excluded,flowdroid-oom+termination-2,completed,,1270886,3566096,128643,112592
sqli,191,sqli-b0191-eee3559dea,BenchmarkTest02183;BenchmarkTest02184,False,excluded,flowdroid-oom+termination-2,excluded,flowdroid-timeout+termination-1,1265658,4008596,129243,113309
sqli,193,sqli-b0193-ef90502407,BenchmarkTest02187;BenchmarkTest02188,False,excluded,flowdroid-oom+termination-2,excluded,flowdroid-oom+termination-2,1370795,3383007,127903,111968
sqli,216,sqli-b0216-3d002f63b1,BenchmarkTest02451;BenchmarkTest02452,False,excluded,flowdroid-oom+termination-2,excluded,flowdroid-oom+termination-2,1289451,3528449,128844,112749
sqli,217,sqli-b0217-e764e43adf,BenchmarkTest02453;BenchmarkTest02454,False,excluded,flowdroid-oom+termination-2,completed,,1538273,3117754,128646,112599
sqli,224,sqli-b0224-887dc3a4fc,BenchmarkTest02538;BenchmarkTest02539,False,excluded,flowdroid-oom+termination-2,excluded,flowdroid-oom+termination-2,1421062,3483072,129257,113323
sqli,228,sqli-b0228-8c208a021b,BenchmarkTest02546;BenchmarkTest02625,False,excluded,flowdroid-oom+termination-2,excluded,flowdroid-oom+termination-2,1276687,3318733,127719,111772
sqli,232,sqli-b0232-851b01f7a8,BenchmarkTest02632;BenchmarkTest02633,False,excluded,flowdroid-oom+termination-2,excluded,flowdroid-oom+termination-2,1337053,3523553,127933,111985
sqli,235,sqli-b0235-e978db3ee4,BenchmarkTest02638;BenchmarkTest02639,False,excluded,flowdroid-oom+termination-2,excluded,flowdroid-oom+termination-2,1330699,3535937,128455,112467
sqli,239,sqli-b0239-6e697539e9,BenchmarkTest02646;BenchmarkTest02647,False,excluded,flowdroid-oom+termination-2,excluded,flowdroid-oom+termination-2,1255532,3629311,128430,112442
sqli,240,sqli-b0240-c2b3abc85b,BenchmarkTest02648;BenchmarkTest02649,False,excluded,flowdroid-oom+termination-2,excluded,flowdroid-oom+termination-2,1735176,5102440,127716,111769
sqli,242,sqli-b0242-dbc32e2989,BenchmarkTest02652;BenchmarkTest02653,False,excluded,flowdroid-oom+termination-2,excluded,flowdroid-oom+termination-2,1528105,3737519,127938,111990
trustbound,2,trustbound-b0002-d3623efad6,BenchmarkTest00099;BenchmarkTest00189,False,excluded,flowdroid-oom+termination-2,excluded,flowdroid-oom+termination-2,548232,645482,37704,33933
trustbound,8,trustbound-b0008-a4aeeb63d9,BenchmarkTest00327;BenchmarkTest00424,False,excluded,flowdroid-oom+termination-2,completed,,828192,262246,37676,33905
trustbound,10,trustbound-b0010-b82f72b027,BenchmarkTest00427;BenchmarkTest00508,False,excluded,flowdroid-oom+termination-2,excluded,flowdroid-oom+termination-2,425810,6344110,37665,33907
trustbound,14,trustbound-b0014-bd999c08cd,BenchmarkTest00671;BenchmarkTest00754,False,excluded,flowdroid-oom+termination-2,excluded,flowdroid-oom+termination-2,4903881,6957529,37427,33670
trustbound,18,trustbound-b0018-8a1b52dc84,BenchmarkTest00834;BenchmarkTest00835,False,excluded,flowdroid-oom+termination-2,completed,,808897,191089,37663,33892
trustbound,19,trustbound-b0019-10242efb5e,BenchmarkTest00836;BenchmarkTest00922,False,excluded,flowdroid-oom+termination-2,excluded,flowdroid-oom+termination-2,661761,632699,37457,33687
trustbound,22,trustbound-b0022-2617d7c6fa,BenchmarkTest00994;BenchmarkTest00995,False,excluded,flowdroid-oom+termination-2,excluded,flowdroid-oom+termination-2,406736,559177,37544,33745
trustbound,35,trustbound-b0035-f7076f4e22,BenchmarkTest01546;BenchmarkTest01547,False,excluded,flowdroid-oom+termination-2,excluded,flowdroid-oom+termination-2,452024,574907,37512,33753
trustbound,37,trustbound-b0037-6823445c84,BenchmarkTest01550;BenchmarkTest01551,False,excluded,flowdroid-oom+termination-2,excluded,flowdroid-oom+termination-2,415513,628007,37678,33920
trustbound,38,trustbound-b0038-2f30774489,BenchmarkTest01615;BenchmarkTest01616,False,excluded,flowdroid-oom+termination-2,excluded,flowdroid-oom+termination-2,567223,801437,37677,33919
trustbound,41,trustbound-b0041-8c321fa0f5,BenchmarkTest01709;BenchmarkTest01710,False,excluded,flowdroid-oom+termination-2,excluded,flowdroid-oom+termination-2,463536,647860,37706,33935
trustbound,44,trustbound-b0044-5766922ab7,BenchmarkTest01874;BenchmarkTest01875,False,excluded,flowdroid-oom+termination-2,completed,,534590,195402,37656,33885
trustbound,45,trustbound-b0045-7543b5f065,BenchmarkTest01876;BenchmarkTest01955,False,excluded,flowdroid-oom+termination-2,excluded,flowdroid-oom+termination-2,518556,860714,37662,33891
trustbound,47,trustbound-b0047-60fe418b2e,BenchmarkTest01958;BenchmarkTest01959,False,excluded,flowdroid-oom+termination-2,excluded,flowdroid-oom+termination-2,3848551,634837,37478,33708
trustbound,60,trustbound-b0060-d235897c41,BenchmarkTest02624;BenchmarkTest02722,False,excluded,flowdroid-oom+termination-2,excluded,flowdroid-oom+termination-2,4085166,694333,37463,33693
xpathi,1,xpathi-b0001-4390673345,BenchmarkTest00118;BenchmarkTest00207,False,excluded,flowdroid-oom+termination-2,excluded,flowdroid-oom+termination-2,926084,852743,37966,34360
xpathi,4,xpathi-b0004-31f76d2f12,BenchmarkTest00852;BenchmarkTest00941,False,excluded,flowdroid-oom+termination-2,excluded,flowdroid-oom+termination-2,4980204,4047712,37988,34382
xpathi,11,xpathi-b0011-3437c8b510,BenchmarkTest01633;BenchmarkTest01734,False,excluded,flowdroid-oom+termination-2,excluded,flowdroid-oom+termination-2,469343,673203,38028,34422
xpathi,13,xpathi-b0013-41a2fe7823,BenchmarkTest01821;BenchmarkTest01892,False,excluded,flowdroid-oom+termination-2,excluded,flowdroid-oom+termination-2,491283,647888,37788,34183
xss,4,xss-b0004-fef20c11d3,BenchmarkTest00144;BenchmarkTest00145,False,excluded,flowdroid-oom+termination-2,excluded,flowdroid-oom+termination-2,2694038,585646,37006,33580
xss,8,xss-b0008-c91f94fe1f,BenchmarkTest00152;BenchmarkTest00153,False,excluded,flowdroid-oom+termination-2,excluded,flowdroid-oom+termination-2,4596607,7198366,37002,33576
xss,20,xss-b0020-2f8ec4ad35,BenchmarkTest00301;BenchmarkTest00375,False,excluded,flowdroid-oom+termination-2,excluded,flowdroid-oom+termination-2,464852,440019,37004,33578
xss,22,xss-b0022-5b0713903f,BenchmarkTest00378;BenchmarkTest00379,False,excluded,flowdroid-oom+termination-2,excluded,flowdroid-oom+termination-2,435087,688568,37206,33792
xss,24,xss-b0024-4afa4c176e,BenchmarkTest00382;BenchmarkTest00383,False,excluded,flowdroid-oom+termination-2,excluded,flowdroid-oom+termination-2,626185,4924245,37208,33794
xss,25,xss-b0025-9b1b67efa3,BenchmarkTest00384;BenchmarkTest00385,False,missing,process-timeout,excluded,flowdroid-oom+termination-2,0,5122135,0,33791
xss,26,xss-b0026-81c395dea7,BenchmarkTest00386;BenchmarkTest00387,False,excluded,flowdroid-oom+termination-2,missing,process-timeout,13523493,0,36966,0
xss,28,xss-b0028-3c3702c9a2,BenchmarkTest00390;BenchmarkTest00391,False,excluded,flowdroid-oom+termination-2,completed,,689397,291319,37262,33848
xss,30,xss-b0030-2f284492db,BenchmarkTest00394;BenchmarkTest00395,False,excluded,flowdroid-oom+termination-2,excluded,flowdroid-oom+termination-2,615554,736838,36968,33555
xss,48,xss-b0048-624795b1ff,BenchmarkTest00644;BenchmarkTest00645,False,excluded,flowdroid-oom+termination-2,excluded,flowdroid-oom+termination-2,535428,666360,36985,33572
xss,51,xss-b0051-11b2906ff5,BenchmarkTest00650;BenchmarkTest00651,False,excluded,flowdroid-oom+termination-2,excluded,flowdroid-oom+termination-2,462340,840915,37209,33795
xss,54,xss-b0054-408c479f5d,BenchmarkTest00714;BenchmarkTest00715,False,excluded,flowdroid-oom+termination-2,excluded,flowdroid-oom+termination-2,426517,509184,37061,33648
xss,55,xss-b0055-b7cf825510,BenchmarkTest00716;BenchmarkTest00717,False,excluded,flowdroid-oom+termination-2,excluded,flowdroid-oom+termination-2,4415708,3959850,37303,33889
xss,58,xss-b0058-58d6839feb,BenchmarkTest00722;BenchmarkTest00723,False,excluded,flowdroid-oom+termination-2,excluded,flowdroid-oom+termination-2,5661553,3887331,36965,33552
xss,59,xss-b0059-0798eaab91,BenchmarkTest00724;BenchmarkTest00725,False,missing,process-timeout,missing,process-timeout,0,0,0,0
xss,62,xss-b0062-e4cc5d8dab,BenchmarkTest00730;BenchmarkTest00737,False,missing,process-timeout,excluded,flowdroid-oom+termination-2,0,6633928,0,33799
xss,66,xss-b0066-83935ad065,BenchmarkTest00805;BenchmarkTest00806,False,missing,process-timeout,excluded,flowdroid-oom+termination-2,0,6059110,0,33817
xss,67,xss-b0067-5e8115083d,BenchmarkTest00807;BenchmarkTest00808,False,excluded,flowdroid-oom+termination-2,excluded,flowdroid-oom+termination-2,631003,685254,37002,33576
xss,79,xss-b0079-75e37bbcaa,BenchmarkTest01046;BenchmarkTest01047,False,excluded,flowdroid-oom+termination-2,excluded,flowdroid-oom+termination-2,4860546,688753,37023,33597
xss,85,xss-b0085-a4557d17d5,BenchmarkTest01063;BenchmarkTest01171,False,excluded,flowdroid-oom+termination-2,excluded,flowdroid-oom+termination-2,496523,669004,37257,33830
xss,92,xss-b0092-41c0eb365e,BenchmarkTest01252;BenchmarkTest01253,False,excluded,flowdroid-oom+termination-2,excluded,flowdroid-oom+termination-2,5138316,4935710,36973,33560
xss,93,xss-b0093-0240b65455,BenchmarkTest01254;BenchmarkTest01255,False,excluded,flowdroid-oom+termination-2,excluded,flowdroid-oom+termination-2,466621,653919,37291,33875
xss,95,xss-b0095-e2dbd9d876,BenchmarkTest01258;BenchmarkTest01259,False,excluded,flowdroid-oom+termination-2,excluded,flowdroid-oom+termination-2,3511929,3832922,37174,33760
xss,96,xss-b0096-8187e85ebc,BenchmarkTest01260;BenchmarkTest01261,False,excluded,flowdroid-oom+termination-2,excluded,flowdroid-oom+termination-2,747766,542290,37212,33798
xss,99,xss-b0099-50a977db9b,BenchmarkTest01266;BenchmarkTest01267,False,excluded,flowdroid-oom+termination-2,excluded,flowdroid-oom+termination-2,3641431,3763177,36975,33562
xss,100,xss-b0100-4764c7fa98,BenchmarkTest01268;BenchmarkTest01284,False,excluded,flowdroid-oom+termination-2,excluded,flowdroid-oom+termination-2,537723,586346,37221,33807
xss,120,xss-b0120-98499e0f1d,BenchmarkTest01509;BenchmarkTest01510,False,excluded,flowdroid-oom+termination-2,excluded,flowdroid-oom+termination-2,424815,590796,36993,33580
xss,122,xss-b0122-cc366b020a,BenchmarkTest01513;BenchmarkTest01514,False,excluded,flowdroid-oom+termination-2,excluded,flowdroid-oom+termination-2,4204159,5620485,36979,33566
xss,123,xss-b0123-35434eb5b0,BenchmarkTest01515;BenchmarkTest01525,False,excluded,flowdroid-oom+termination-2,excluded,flowdroid-oom+termination-2,575375,621716,37226,33812
xss,128,xss-b0128-02ccc238ad,BenchmarkTest01591;BenchmarkTest01592,False,excluded,flowdroid-oom+termination-2,excluded,flowdroid-oom+termination-2,464373,670035,37210,33796
xss,130,xss-b0130-dec7e6878f,BenchmarkTest01595;BenchmarkTest01596,False,excluded,flowdroid-oom+termination-2,excluded,flowdroid-oom+termination-2,404833,475602,37050,33635
xss,131,xss-b0131-4649a5ea95,BenchmarkTest01597;BenchmarkTest01598,False,excluded,flowdroid-oom+termination-2,excluded,flowdroid-oom+termination-2,413427,628735,37215,33801
xss,132,xss-b0132-53165f3bfd,BenchmarkTest01599;BenchmarkTest01657,False,excluded,flowdroid-oom+termination-2,excluded,flowdroid-oom+termination-2,3862946,5083341,37006,33580
xss,135,xss-b0135-0a29f5a74e,BenchmarkTest01662;BenchmarkTest01663,False,excluded,flowdroid-oom+termination-2,excluded,flowdroid-oom+termination-2,481870,4795767,37211,33784
xss,137,xss-b0137-972edd4e46,BenchmarkTest01666;BenchmarkTest01667,False,excluded,flowdroid-oom+termination-2,excluded,flowdroid-oom+termination-2,646561,4519968,37024,33598
xss,138,xss-b0138-22e9ee2b62,BenchmarkTest01668;BenchmarkTest01669,False,excluded,flowdroid-oom+termination-2,excluded,flowdroid-oom+termination-2,3804993,564028,37110,33684
xss,147,xss-b0147-e80dd6cce9,BenchmarkTest01916;BenchmarkTest01917,False,excluded,flowdroid-oom+termination-2,excluded,flowdroid-oom+termination-2,452669,483657,37100,33674
xss,152,xss-b0152-7e6bf8630b,BenchmarkTest01926;BenchmarkTest01927,False,excluded,flowdroid-oom+termination-2,completed,,570633,218128,37199,33772
xss,161,xss-b0161-cea1e98a8d,BenchmarkTest02125;BenchmarkTest02126,False,excluded,flowdroid-oom+termination-2,excluded,flowdroid-oom+termination-2,795505,748505,37305,33891
xss,163,xss-b0163-821dd8a596,BenchmarkTest02129;BenchmarkTest02130,False,excluded,flowdroid-oom+termination-2,excluded,flowdroid-oom+termination-2,504655,512022,36965,33552
xss,164,xss-b0164-4b71c67b10,BenchmarkTest02131;BenchmarkTest02132,False,excluded,flowdroid-oom+termination-2,excluded,flowdroid-oom+termination-2,547028,540540,37207,33793
xss,166,xss-b0166-36e8058593,BenchmarkTest02135;BenchmarkTest02136,False,excluded,flowdroid-oom+termination-2,excluded,flowdroid-oom+termination-2,427611,638979,37205,33791
xss,167,xss-b0167-c7c4faec1e,BenchmarkTest02145;BenchmarkTest02221,False,excluded,flowdroid-oom+termination-2,excluded,flowdroid-oom+termination-2,591938,592656,37215,33801
xss,189,xss-b0189-0147da88ca,BenchmarkTest02396;BenchmarkTest02397,False,excluded,flowdroid-oom+termination-2,excluded,flowdroid-oom+termination-2,598346,703533,37212,33798
xss,191,xss-b0191-2e543713d6,BenchmarkTest02400;BenchmarkTest02401,False,excluded,flowdroid-oom+termination-2,excluded,flowdroid-oom+termination-2,336634,439373,37046,33631
xss,192,xss-b0192-450ff90397,BenchmarkTest02402;BenchmarkTest02403,False,excluded,flowdroid-oom+termination-2,excluded,flowdroid-oom+termination-2,3509403,3796709,37214,33800
xss,195,xss-b0195-d8e130b62f,BenchmarkTest02408;BenchmarkTest02409,False,excluded,flowdroid-oom+termination-2,excluded,flowdroid-oom+termination-2,455621,631397,37217,33803
xss,198,xss-b0198-f615407510,BenchmarkTest02483;BenchmarkTest02484,False,excluded,flowdroid-oom+termination-2,excluded,flowdroid-oom+termination-2,5704111,4598968,36967,33554
xss,201,xss-b0201-778f11210e,BenchmarkTest02489;BenchmarkTest02490,False,excluded,flowdroid-oom+termination-2,excluded,flowdroid-oom+termination-2,557155,657255,37204,33790
xss,202,xss-b0202-c3f5988b40,BenchmarkTest02491;BenchmarkTest02492,False,excluded,flowdroid-oom+termination-2,excluded,flowdroid-oom+termination-2,549791,635535,37306,33892
xss,203,xss-b0203-ae9af4cb3e,BenchmarkTest02493;BenchmarkTest02494,False,missing,process-timeout,excluded,flowdroid-oom+termination-2,0,13222400,0,33570
xss,205,xss-b0205-9e9f336c7b,BenchmarkTest02578;BenchmarkTest02579,False,excluded,flowdroid-oom+termination-2,excluded,flowdroid-oom+termination-2,472808,560794,36998,33572
xss,209,xss-b0209-d4bb59ff53,BenchmarkTest02586;BenchmarkTest02587,False,excluded,flowdroid-oom+termination-2,excluded,flowdroid-oom+termination-2,442700,599452,37241,33814
xss,210,xss-b0210-36e879f54d,BenchmarkTest02588;BenchmarkTest02589,False,excluded,flowdroid-oom+termination-2,excluded,flowdroid-oom+termination-2,410818,565029,37246,33819
xss,211,xss-b0211-ac47d99047,BenchmarkTest02590;BenchmarkTest02591,False,excluded,flowdroid-oom+termination-2,excluded,flowdroid-oom+termination-2,530040,716358,37006,33580
